{"stat.damageDealt":80,"stat.killEntity.ZombieHerobrine":3,"achievement.exploreAllBiomes":{"value":0,"progress":["Wetland","Bog"]},"stat.killEntity.Survivor":4,"achievement.openInventory":229,"stat.climbOneCm":23254,"stat.entityKilledBy.ZombieCyborg":1,"stat.fallOneCm":4911,"stat.flyOneCm":254991,"stat.drop":9,"stat.damageTaken":8090,"stat.leaveGame":7,"stat.diveOneCm":10779,"stat.killEntity.ZombieNotch":13,"stat.useItem.383":126,"achievement.mineWood":3,"stat.killEntity.ZombieCyborg":25,"stat.playOneMinute":140016,"stat.killEntity.Slime":12,"tconstruct.beginner":5,"stat.jump":640,"stat.deaths":5,"stat.useItem.1":97,"stat.swimOneCm":24417,"stat.useItem.161":1,"stat.mobKills":99,"stat.walkOneCm":511150,"stat.playerKills":9,"stat.useItem.276":1,"stat.killEntity.ZombiePa":18,"stat.killEntity.ZombieKing":11}