{"stat.useItem.30":19,"stat.useItem.89":6,"achievement.openInventory":971,"stat.damageDealt":845,"stat.useItem.97":1,"stat.useItem.3":310,"achievement.exploreAllBiomes":{"value":0,"progress":["Forest","Extreme Hills+","Taiga","Extreme Hills","Plains","Wetland","Bog","FrozenOcean","River","Swampland","Hell","ForestHills"]},"stat.useItem.50":64,"stat.useItem.323":1,"stat.useItem.5":1,"stat.useItem.31":12,"stat.craftItem.297":21,"stat.fallOneCm":4255,"stat.flyOneCm":2327006,"stat.useItem.69":21,"stat.climbOneCm":70580,"stat.drop":61,"stat.useItem.18":6,"stat.damageTaken":-2147481224,"stat.useItem.76":19,"stat.leaveGame":24,"stat.diveOneCm":8345,"stat.useItem.356":23,"stat.killEntity.ZombieChef":1,"achievement.mineWood":1,"stat.useItem.54":5,"stat.useItem.106":84,"stat.useItem.295":13,"stat.useItem.61":5,"stat.killEntity.ZombieNotch":1,"stat.useItem.383":101,"stat.playOneMinute":1629085,"tconstruct.beginner":3,"stat.deaths":6,"stat.useItem.58":3,"stat.swimOneCm":23261,"stat.useItem.161":36,"stat.useItem.162":18,"stat.mobKills":3,"stat.walkOneCm":2343806,"stat.playerKills":2,"stat.useItem.145":1,"stat.useItem.276":5,"stat.useItem.7":1,"stat.jump":2960,"stat.useItem.1":1089,"stat.useItem.331":33,"stat.useItem.13":2,"stat.useItem.137":1,"achievement.botania:flowerPickup":47}