{"stat.killEntity.ZombieHerobrine":5,"stat.useItem.30":14,"achievement.openInventory":129,"stat.damageDealt":120,"stat.useItem.3":34,"achievement.exploreAllBiomes":{"value":0,"progress":["Plains","Wetland","FrozenOcean","Bog","River"]},"stat.killEntity.Survivor":1,"stat.useItem.323":2,"stat.craftItem.297":4,"stat.entityKilledBy.ZombieNotch":1,"stat.fallOneCm":2681,"stat.flyOneCm":251207,"stat.climbOneCm":17914,"stat.drop":5,"stat.damageTaken":10355,"stat.leaveGame":8,"stat.diveOneCm":3231,"stat.killEntity.ZombieNotch":3,"stat.useItem.383":22,"stat.useItem.54":8,"stat.killEntity.ZombieCyborg":3,"stat.playOneMinute":193645,"stat.useItem.61":1,"tconstruct.beginner":2,"stat.deaths":9,"stat.useItem.58":1,"stat.swimOneCm":5795,"stat.mobKills":42,"stat.walkOneCm":519885,"stat.playerKills":4,"stat.killEntity.ZombiePa":13,"stat.jump":528,"stat.useItem.331":16,"stat.entityKilledBy.ZombieHerobrine":1,"achievement.myst.quinn":1,"stat.killEntity.ZombieKing":14}