{"stat.useItem.61":5,"stat.useItem.356":23,"stat.leaveGame":24,"stat.useItem.69":21,"stat.useItem.76":19,"stat.craftItem.297":21,"stat.swimOneCm":23261,"stat.jump":3039,"stat.fallOneCm":4255,"stat.climbOneCm":70580,"stat.killEntity.ZombieNotch":1,"achievement.exploreAllBiomes":{"value":0,"progress":["ForestHills","FrozenOcean","Extreme Hills+","Forest","River","Plains","Taiga","Bog","Extreme Hills","Wetland","Swampland","Hell"]},"stat.useItem.295":13,"stat.useItem.331":33,"stat.damageTaken":-2147481224,"achievement.botania:flowerPickup":47,"stat.useItem.54":5,"stat.flyOneCm":2399646,"stat.useItem.50":64,"stat.useItem.106":84,"stat.damageDealt":845,"stat.useItem.58":3,"stat.useItem.276":5,"stat.walkOneCm":2383102,"stat.playerKills":2,"stat.useItem.162":18,"stat.useItem.161":36,"stat.useItem.31":12,"tconstruct.beginner":3,"stat.useItem.30":19,"stat.useItem.323":1,"achievement.mineWood":1,"stat.useItem.89":6,"stat.killEntity.ZombieChef":1,"stat.useItem.137":1,"achievement.openInventory":995,"stat.mobKills":3,"stat.useItem.97":1,"stat.useItem.383":101,"stat.deaths":6,"stat.useItem.7":1,"stat.drop":61,"stat.useItem.145":1,"stat.playOneMinute":1643393,"stat.useItem.1":1089,"stat.useItem.5":1,"stat.useItem.3":310,"stat.useItem.18":6,"stat.useItem.13":2,"stat.diveOneCm":8345}